3K8CQCU3KE19US5SN890DFPK3SANWR,0.183641851
3Q2T3FD0ON86LCI41NJYV3PN0BW3MV,0.183811694
3ULIZ0H1VA5C32JJMKOTQ8Z4GUS51B,0.184076458
3BFF0DJK8XCEIOT30ZLBPPSRMZQTSD,0.184211224
3QREJ3J433XSBS8QMHAICCR0BQ1LKR,0.191149414
30F94FBDNRKF12C1PDZGZ0IRI9XTB1,0.190677524
3JHB4BPSFK9JLT5CAPRP3PCEA2CQ9R,0.217377231
3Y40HMYLL1I1EIURUEH8TTVLKQ9XUM,0.24605222
30Y6N4AHYPWV0KXTZKLRUB59XBPRDA,0.305546045
38O9DZ0A62NFBR1TA7YCNXN94XN26F,0.2377996
3EHIMLB7F7Z6UVNZM7YHUFP2Z9HH8G,0.239585191
3SA4EMRVJV2GPNGKAGT7A9LB24SP0N,0.183737546
334ZEL5JX6FY5WOV4IZCVFM4NP9SOM,0.184710309
39O0SQZVJN7FJBWJ87I5UJVDB0MR7H,0.184076965
34D9ZRXCYRU93SUUUZUUUK2ZYABSAX,0.195615709
3VADEH0UHCXGQW0WJICRKFRUXUFSPD,0.183546707
3ZICQFRS31I75COG1J4176QBUACZZ4,0.188475087
37PGLWGSJT6QLR0K1ED5KWZ8UOYKI7,0.199317619
3AC6MFV69KILEROMVXYU7ZM6YKVZHE,0.183639541
30U1YOGZGAW71ZX6E9LWKLA5JBCSDZ,0.184210256
3D17ECOUOEV9PNWF8100BB1K20131N,0.184376359
3EKTG13IZU3N1G8T7TNYRPJ40XMMLR,0.241429359
3P4ZBJFX2V3X60SBPKQN5AGB13KWFT,0.253131181
3ZTE0JGGCESIYFZZ7W9CGAIM1OOCOH,0.30142799
3QI9WAYOGQB8GQIR4MDIEF0D2RFS61,0.218379498
3MJ9GGZYO36GYTDW0KFO32PV0G7A27,0.240283713
3K2CEDRACB1BKTGYG2PPDGTLUAEMT0,0.207257628
33NOQL7T9OZSLGNTST4OUMT7VZYZ8O,0.233911082
3RSBJ6YZECQP1RJ9YYZDOG3PYZ8OFS,0.23699756
3P458N04Q1HSU6LPBU72NA0T11LX23,0.193908438
329E6HTMSW2BVOI1GB6IGQXJB613KQ,0.224773258
3TLFH2L6Y9OLDPC56K65Y7FNO5S2TK,0.205463812
367O8HRHKG8U13EDLYK3HHGZ609S4G,0.193681315
371QPA24C2OEO4U9NG6RTO5IWZK1T8,0.189684927
3BJKPTD2QCC2H9TQLAL6ZFNV0X7RTN,0.18649365
33Q5P9PUSPMUXJD695KTW8PQLSRCZJ,0.192559645
371Q3BEXDH9A40226RATBDT87VCZSZ,0.18903926
368IUKXGA58B3Y2ZC59OJAV2F596PW,0.184191167
3126F2F5F83FGDVEINSMVYNFW5WPE3,0.190963954
3M93N4X8HKNK4LXYO577NJ5IOV9SJD,0.186657816
3DGDV62G7O9NLXJYP3XLTXEQZ0H2PL,0.18396306
368IUKXGA58B3Y2ZC59OJAV2F7EP6O,0.183926761
3DFYDSXB2W00JYP2DA272KN69UQUJV,0.18582277
3T8DUCXY0N6WD9X4RTLK8UN1UB7T98,0.184142068
3MIVREZQVHY32PO3EMIETYQULYFKQA,0.186508834
3PIOQ99R7YMW2OGNS8UZVR4NIEVUNZ,0.186444178
3YZ7A3YHR5TCXMIDZ33DM9MD6UF5S5,0.185648501
3DGDV62G7O9NLXJYP3XLTXEQZ2CP27,0.184899226
31SIZS5W59FPPT1Y46RBUAC8GO1QRX,0.185801357
3TC2K6WK9G22F5KH3MVA7BJ0ASD281,0.222754091
3RQVKZ7ZRKJYFRFYTH34TBN5Z61274,0.184418574
3NQUW096N688UWPZIKJTM3DK0W49L0,0.184870571
32XN26MTXZJQY21MIO00TSCRXUM0LV,0.184360117
30Y6N4AHYPWV0KXTZKLRUB59X97RDO,0.18699421
375VSR8FVW9Y3L2PR2AOL3OCLTTRZ3,0.213570103
31KSVEGZ34SU9QXKGFQHMZUU4PDWR2,0.220397517
39TX062QX1OHFOH8FUL76K5L7D3X3S,0.193914562
3T6EIBTM9LO53W80DZ839K8TC2NAAY,0.237499833
37MQ8Z1JQEWHUBBZGQT46O7235K2YF,0.241445869
3ZLW647WALVGE8EBR50EGUBPU6F233,0.183398396
3DTJ4WT8BDF9UHXK5WQOMWPT62RZEI,0.184314191
3LB1BGHFL2WBEA5CZ5D07BGS3KSYT2,0.183767602
31YWE12TE0CZG7IVH6OXJ1H1CH1X7D,0.185148343
3R5LWXWHR08I90TWA9SRPEUUBIKXGC,0.192818359
3O2Y2UIUCQU6B0YU067KHZMGEW6KFG,0.183838114
3UOMW19E6D6WQ5TH2HDD74IVKRJ5C1,0.18291004
3GMLHYZ0LEXQENK1ZA3AC72UMWHUY3,0.183992937
3T2EL38U0MK9MPNAD5X3JSYWH7TQX4,0.183756053
3IH9TRB0FBZOFQEYT47NFH39LIY1IL,0.183777615
3R868ACW4SC7EVTBBRGCMZA5JKOGZ2,0.224473193
3EQPA8A374WH5XJCJX1FJC2LBC5JZ9,0.184759855
3QHITW7OYO9XQCFH2V5PZKNYGMLQA1,0.184232503
3Z56AA6EK405IV5MKPHW2617A2XM6J,0.184203014
3CVDZS288H011OYXLIK0WCEK310MFM,0.187211245
337F8MIIMZDU0UU1CW1J7BAGB8R406,0.186551094
3PZDSVZ3J5HXLQM8D23HIN6TJZ24ND,0.297703236
3LG268AV3860SQBTVFWB0TNUXNQERQ,0.250215054
30U1YOGZGAW71ZX6E9LWKLA5JD2SDT,0.197050735
3ABAOCJ4R84YSDO6ZYVU8BIYA3FMQM,0.184985116
3Y3CZJSZ9KT0W7I0KE38WZHHKURR52,0.18489261
3SMIWMMK615MPIP1K9LMRAHEBOMWUB,0.191380441
3X878VYTIEIIGLRAHCIBDUHU8A6F71,0.194048405
3MG8450X2OAW59S08N7RZG9IITQUPP,0.186663359
3P7RGTLO6EDBF9HMPQLS3YBPHESKAY,0.18446885
3OB6JN3A9QPY4E36CDKUD1S36PBRMM,0.186549082
30P8I9JKOILSPEZHTY8IXW6K50Z5V4,0.184752807
3PA41K45VN4U7YG4VFEGPOVYAGGP71,0.19582814
35O6H0UNLSGJYJZNC9UZU8VQAB25JP,0.184345499
3J9L0X0VDFMO5Q1YMYQVVEU0Y5K9W9,0.183945924
3S1L4CQSFX50ZNP8OFUVNLJK9I4FAK,0.184341952
3S8A4GJRD33O8IZVYHINP2KK1TY6V5,0.194389716
3D5G8J4N5A4UAGA7UUQG0CCYL1DTV7,0.18339479
3XU9MCX6VOC8XAZD2V1AYSE50KUR2V,0.183663353
379OL9DBSSESUVWY1Z8JGBFG9B89YS,0.184198499
3OKP4QVBP2X6DNL3ZZ0D56JWAZCAGQ,0.186310574
3P888QFVX3UMSG9ICEA70F7353UOQ3,0.244720802
3T2HW4QDUV7FRSVT57QUJKNX6P2C93,0.185335383
37Y5RYYI0P5LZ52N59M8ESDXZTEXSW,0.187886611
3FCO4VKOZ4DQA7REM1Y5VCWUWBWE7R,0.188297287
3NSCTNUR2ZN8XQWJI3HM19S7KOMA5S,0.19016248
3A9LA2FRWSEW9WO7UFA9AE6VQKYHX0,0.184240445
3HYV4299H0WUALWXW6QB9CSP7VX8E3,0.187878594
3RIHDBQ1NEYLFKP3G880ZXQXJE6HM4,0.184315026
3EAWOID6MTXTU7DGWS26G1ATOSNV08,0.186217993
3YLPJ8OXX8D2XK0CF8QQGPXRLD04XL,0.183617726
3SBNLSTU6U542BJK91F4GE786QQZDP,0.18385312
3L2OEKSTW9ASGQDOW725GFK5P71Y87,0.216114745
3QGTX7BCHP29YY4RUVXLI2JGTBAZ53,0.289671868
31YWE12TE0CZG7IVH6OXJ1H1CFPX7X,0.202381507
3T6SSHJUZFAZFWAW1BST7GKV2K9IIU,0.276379526
3D0LPO3EABZV1I043OR1D1A54ATOYK,0.252825618
3NQUW096N688UWPZIKJTM3DK0YGL9S,0.185679734
3X7837UUADYFHNZ1HS44ME9Q688J6I,0.186694831
3G5RUKN2EC3YIWSKUXZ8ZVH95RG9NE,0.183871165
3K2CEDRACB1BKTGYG2PPDGTLU88MTQ,0.187208503
3OJX0UFJ0Z7BDMCTRYBUDQ93DP99UA,0.207862526
3VGET1QSZ0ZKR7D571SBHI3U3D67W1,0.285850018
3TLFH2L6Y9OLDPC56K65Y7FNO322TQ,0.284061849
3LN50BUKPVBTMJ56Z9FQ8TDZ523LPS,0.220077604
3WKGUBL7SZM7XQJN1PN25V24E4BL41,0.216332108
3K8CQCU3KE19US5SN890DFPK3U6WN0,0.262585312
3NKW03WTLM7UXPIK301HH9KP85NQWB,0.260007888
324N5FAHSXBV7XKK0LCOZLP22QUKV4,0.266503304
36MUZ9VAE626RGSODE1RV46QIMZEDK,0.186652333
3ABAOCJ4R84YSDO6ZYVU8BIYA39MQG,0.185636804
3FW4EL5A3LORTQISN5M9XK6XOQ322C,0.346190542
3YOAVL4CA0HR2F0RGQEBDAD2TDA4ZU,0.190670907
3D06DR5225J65XHPA2Y8IB3T6LNMA9,0.183716416
3DZKABX2ZI5DOZ8W88VQB2CUXHLCVJ,0.307303846
302OLP89DZ7TWB5YXD4UFFYHC7KCAI,0.183362946
3GMLHYZ0LEXQENK1ZA3AC72UMWMYUC,0.183326334
3LOJFQ4BOXF9DGKY90CUTZJV2JQDKY,0.18313995
3566S7OX5DJRQ6X2AD3QOSD072N17Q,0.203681469
3J6BHNX0U9SIZSBBYUQXP4VPGNSKNN,0.435649514
3J5XXLQDHMBPBZCDFFKPIZ80R2HV39,0.21891515
3RWB1RTQDJNY7CLN5K6M3ORTL2YP84,0.192781165
35U0MRQMUJ7EXO5ZYD4H626BMTROVB,0.256610602
3S8A4GJRD33O8IZVYHINP2KK1TA6VH,0.201512203
3Y7LTZE0YTMQJDU6VW5TQEBWSS3ZUL,0.304031849
3P520RYKCH6SCZAHO8YD1A41RTPU53,0.416275531
3G3AJKPCXLSRXPQMK4CSZ340NJFY46,0.251529545
3GS542CVJVNUS7MEQX3M5EHNE6G59K,0.200830609
3UY4PIS8QRLGTRPPQKKFKPZQ7FG1NL,0.303860784
3BFNCI9LYKQN09BHXHH9CLSX5M137K,0.309499502
32FESTC2NHQDBKJW3ILLFGABJACCUU,0.416959703
3K1H3NEY7LZ4BUOFJ9RFV7R2V29GDY,0.404062301
388CL5C1RJN1927IGW7LZKB8J9XLHN,0.405823469
31N9JPQXIPIRX2A3S9N0CCFXO6OHNG,0.410003752
3UDTAB6HH6ZVX00DTRXAOJLWX0509Y,0.416673571
3BC9H1KCYUC36R96UAIBUVNR7E4YWM,0.189172208
3BA7SXOG1JQJJP12ICAB8JR8MKSR84,0.26228717
3VADEH0UHCXGQW0WJICRKFRUXWBPSA,0.268964082
31SIZS5W59FPPT1Y46RBUAC8GQ9QR9,0.317633241
3R16PJFTS3RWDK15GPB1QVPPP4WK4N,0.284317255
32CAVSKPCEPTOH9YNLW1YKRKFDQU1R,0.254547387
3R868ACW4SC7EVTBBRGCMZA5JI6ZGZ,0.250858516
3JU8CV4BRLC1S483C1VI0AHT078POD,0.278100997
3QXFBUZ4ZKGQSWZ154H457VQH29UGR,0.367608398
32TZXEA1OLKU7JFJ8F5JLGTQG0X146,0.376094401
3TZ0XG8CBUKDFP5GOVAPHYREGYH89T,0.360522747
3JUDR1D0D6R8L9KDPGCAT2404YTQ2U,0.369604766
3NSM4HLQNRUPDSMYRR2BPK23K2GQQD,0.406915247
36D1BWBEHN1H0UMLXN5TCTKVUV62MP,0.183424607
3FO95NVK5C0129GBWAGGPAR9YCHRSI,0.183683917
36JW4WBR06KF9AXMUL4N476OMF2FH7,0.218530461
3VGET1QSZ0ZKR7D571SBHI3U3FW7WV,0.431647301
3MJ9GGZYO36GYTDW0KFO32PV0EV2AJ,0.309901625
3Q7TKIAPOTAKXM2GU0OV8ZWARJVLD9,0.301401794
3DZKABX2ZI5DOZ8W88VQB2CUXFUVC7,0.293009579
3W0XM68YZPVFLL4MT7SZSXIMDKMK1A,0.303607196
3TL87MO8CMPHV6GCL6JLWZZV3WBFLE,0.327525198
3FBEFUUYRK54GUWXNMRRTF67GL96AK,0.197140321
37S0QRNUFBGD1KM6J34BH2W3WSZ884,0.192159772
334ZEL5JX6FY5WOV4IZCVFM4NRFSOW,0.199056342
31SIZS5W59FPPT1Y46RBUAC8GOWRQT,0.434427977
3OID399FXG7YXUSK8PLXDMRQUN9FDY,0.427558631
3TUOHPJXYHXE6MJWPEW9BHGI56YWXY,0.431580871
3UYRNV2KITZY4R9AP5TUZZMYLLXN82,0.403583765
38LRF35D5LWPYKNDAPAKMD6HDXYU3D,0.447220117
35XW21VSVGEQZBLYRQJK3YIASMALS8,0.439859778
3H5TOKO3D9JPE5GGELH0GCK7OBD649,0.435648918
338GLSUI43B4ZJB25FGM8LDQVQOSFA,0.457498491
30IRMPJWDZJ3EQ33R17EYO0ZHKMKRG,0.184544906
3QXFBUZ4ZKGQSWZ154H457VQH23UGL,0.256804317
31HLTCK4BLVQ5BO1AUR91TX9V9CGVW,0.203911275
31SIZS5W59FPPT1Y46RBUAC8GQ8RQ9,0.2692689
3SZYX62S5G0QEOYLB052RIQHJIS57C,0.216222763
3RTFSSG7T86J6S27BVTL0NLVYXTLW6,0.341275632
3THR0FZ95PTB1JT5K92BJT89VX2LO6,0.396817893
3R16PJFTS3RWDK15GPB1QVPPP6X4KC,0.33900696
30Z7M1Q8UYKRK8FLG1OPDT2YMGZA8A,0.328615516
3H4IKZHALBIJ7YWEV7IDHWCTAG6NN0,0.355819374
308KJXFUJR6AIS79JZZK4PYL0TKATZ,0.38102892
3ZXNP4Z39RL4GD163NL987ME56G7LM,0.308132678
359AP8GAGGKBD970QASA5OWRBX27C6,0.415929824
3UEBBGULPFOKEW36UKBMNMVEGLRUF6,0.187705532
3VI0PC2ZAYK61DAUYS5ZUN3W24LXO9,0.289542198
3LN3BXKGC0V3K0O604W5NVGN2G7WGB,0.320982218
3SA4EMRVJV2GPNGKAGT7A9LB24N0PT,0.292050153
3XAOZ9UYRZR1WO2H6CCWOJUVCSFQ1D,0.26019901
3QGTX7BCHP29YY4RUVXLI2JGTB4Z5X,0.320504516
3MA5N0ATTCB8MMKPQVHKLN8G9ZVWKP,0.328769356
32CXT5U14G3BZHTJM65GDUESTJQU85,0.375044018
3MG8450X2OAW59S08N7RZG9IIRQUPL,0.403313726
329E6HTMSW2BVOI1GB6IGQXJB4TK3V,0.340903789
3UAU495MIISEK9GZTNUCAG4S8OUUO8,0.423836052
3ABAOCJ4R84YSDO6ZYVU8BIYA39QMK,0.444623381
3R5OYNIC2C9H5WDB8IHHUKNGZFJTPX,0.43695581
351S7I5UG9WNO85TG9QLOPVC1YXJNS,0.391436577
3TRB893CSJAOULN5SWOTVFH69PU7GG,0.338336676
3UV0D2KX1MJLXY9RFEK4AIXKHAGF4L,0.445698291
3NQUW096N688UWPZIKJTM3DK0YG9LG,0.359013408
3PZDSVZ3J5HXLQM8D23HIN6TJ124NH,0.404033959
3IKMEYR0LWVMA6MICBSDXGSR5Q0K2R,0.451982796
32TMVRKDGNYCIJZ470EY0QGYU6348T,0.428961158
3CMV9YRYP31X08284WA6BXRNW3XJLQ,0.422024935
3CZH926SICETRK9VK30YS0CK57P4EC,0.336923391
3CVBMEMMXBG2UHIGC26BGFT7ORJ7HV,0.223182574
3ICOHX7ENCBCSWRU12DWGXM7OVV0EE,0.27037397
3YLTXLH3DF6R0NMG8O0SG1KSOLPHPC,0.325744689
3NRZ1LDP7W6DR8MAEA6ZG8OXK95ZPF,0.24131152
3BCRDCM0ODUAS75JZD4GNT93LVVK61,0.196298212
30EMX9PEVKJFF53G6Q7JOY5V3M5KS4,0.225763455
3CIS7GGG65JS8I3AZ9RG54AE4MUUEA,0.195553347
3OB6JN3A9QPY4E36CDKUD1S36PHRMS,0.462156892
378G7J1SJLY50MSFU96HNSVBP25WEB,0.469387501
30P8I9JKOILSPEZHTY8IXW6K5YYV5P,0.294849992
3R0WOCG21M9NGCPA3EGWZMST4ATUDH,0.392072231
32204AGAABCLNATH55A5MS60NSUHGW,0.275811404
3TLFH2L6Y9OLDPC56K65Y7FNO5RT2A,0.31540072
362E9TQF2HQLJ541BNSQM47FN7HIG2,0.342682421
37VHPF5VYC3FDNCJ0FKGJOSMMJPC8J,0.38367784
3MIVREZQVHY32PO3EMIETYQULWOQKL,0.365222543
3P0I4CQYVY7RCD54ON9DS4PPT2YWOY,0.380610764
3EN4YVUOUCSS02JXIFDUMRMA3C1JX6,0.384329647
388FBO7JZRTDJX0S29ROYCA0E26NYQ,0.38106963
3YLTXLH3DF6R0NMG8O0SG1KSOLUPHP,0.443822712
3NSCTNUR2ZN8XQWJI3HM19S7KQYA58,0.413111925
38XPGNCKHT0ATVVHFTP8S40652DV4U,0.332188636
3QI9WAYOGQB8GQIR4MDIEF0D2P46S0,0.2715469
3R6RZGK0XFCQR29140DF8T4D03VYV1,0.351399183
3RIHDBQ1NEYLFKP3G880ZXQXJGEHMG,0.369678825
379OL9DBSSESUVWY1Z8JGBFG9BTY92,0.421596408
3OCZWXS7ZO7PT9NNFU6CAN8IE2X5LL,0.479303002
3Y7LTZE0YTMQJDU6VW5TQEBWSQLUZU,0.504723251
3AA88CN98P3CBRFP5WZ86KTWK7VYKQ,0.523152947
3HXCEECSQMT70MEB5X2ITZH9OEWYZW,0.595711946
3P520RYKCH6SCZAHO8YD1A41RTVU59,0.385417998
31SIZS5W59FPPT1Y46RBUAC8GQ8QR8,0.438752025
3421H3BM9AH2Z61ZFZ7G6O0SW9B9JE,0.481651723
38VTL6WC4AD9T8UMY9V24VAENH15YD,0.466815531
322ZSN9Z5GKVG3RSAYPTRMCL8HO4TE,0.369605452
3QO7EE372ON29MK9895LUV74Y2FQB1,0.385006309
3FCO4VKOZ4DQA7REM1Y5VCWUWBR7EF,0.525237083
3ZQX1VYFTD5GMC9MQKT7EOM3BX38O7,0.339994967
3P4C70TRMRHN96C7WQP3EKZ74BGGLJ,0.576859117
3XD2A6FGFNUVY9KP2TGUYPRFSSNS9C,0.581049025
33N1S8XHHMLAAG38T8V9FC6ZHV61ZO,0.492332727
373L46LKP76MG2KQJWY5WXE873SKJO,0.546907306
33N1S8XHHMLAAG38T8V9FC6ZHTT1Z7,0.424698174
3VZYA8PITOYCWDY1Q1KTC3GUB4M50C,0.595125139
3OND0WXMHWFN3WXQZAKHMPLOAESHEW,0.469267875
3X2YVV51PU46GLY3ILB2G8CH0RK1WC,0.383130848
375VSR8FVW9Y3L2PR2AOL3OCLRTZR7,0.405987889
3TZDZ3Y0JS6V4PLVPA1A2O462SB91A,0.423164487
3D06DR5225J65XHPA2Y8IB3T6LOAMY,0.479649097
3BJKPTD2QCC2H9TQLAL6ZFNV0XDTRV,0.4696199
3THR0FZ95PTB1JT5K92BJT89VX7LOB,0.455410361
3DWNFENNE3V120VNY4BPPGPCAHX4JD,0.381946117
3LCXHSGDLT6CT5B6A4WGQ3SQJNDSES,0.388668686
391FPZIE4CM4SSUCPAZMQ77RW04UH4,0.306066632
3WJGKMRWVI9RUI8AHNVW5G6NXAHCDK,0.318236083
32K26U12DNONTREA84Q1V8UCIHXDVK,0.475500315
3MWOYZD5WVO1PJWQWMIQWLCY0QUONZ,0.210550025
341YLJU21IZV4BWUC871K0DEDM4I27,0.414615631
3WKGUBL7SZM7XQJN1PN25V24E424LB,0.44313249
31YWE12TE0CZG7IVH6OXJ1H1CF1X79,0.388686597
3MG8450X2OAW59S08N7RZG9IITWPUQ,0.483797878
3P6ENY9P79WZJ1ZCVTA874JG27ZHI5,0.537357152
3JTPR5MTZSCE9355UUUBVNV3P2S5KI,0.545590878
366FYU4PTGPE5MYY5VNEZH1G2VWKE3,0.520166636
386659BNTLHD8VXIPEIH9D3DZOH01P,0.484891415
3VGZ74AYTGGU62I1JDW4B19KA2XGCY,0.481701165
31KSVEGZ34SU9QXKGFQHMZUU4REWR7,0.204557791
3K1H3NEY7LZ4BUOFJ9RFV7R2V2XGDM,0.197340801
34OWYT6U3WH64VHTXHMGUNLSJUB9IR,0.194792822
37SQU136V7ODFKI0LXMHNIMN4G711D,0.194400057
30EMX9PEVKJFF53G6Q7JOY5V3MJKSI,0.20503816
30Y6N4AHYPWV0KXTZKLRUB59XB3DRA,0.212865934
37VHPF5VYC3FDNCJ0FKGJOSMMJ3C8X,0.19161132
3BC9H1KCYUC36R96UAIBUVNR7ENWY3,0.202104747
32ZCLEW0BZKNRTH6WO3DSE071DCPJ8,0.184719354
3CVBMEMMXBG2UHIGC26BGFT7OR7H7T,0.195066899
39HYCOOPKOL434K1UCPA8CBZRO4DMM,0.188429862
31S7M7DAGGQREBYDGQOAD3EWU60TLJ,0.199542895
3W3RSPVVGSR6EOD2GVEKIZ0YDK7ULB,0.194974735
3ZZAYRN1I6RZKW1ATI425KIQPA7TO0,0.188429862
3HJ1EVZS2OJXISVW6VFFH2JX6YE3R2,0.197825685
3KTCJ4SCVG1AB94PEJ5F7AAQ2R11MK,0.188646689
3E9VAUV7BWE6ZE63T5MJC6Q0FVLYAV,0.276823223
37OPIVELUU3KDJGEJ5IVQ6VXPZ8AH8,0.192538321
329E6HTMSW2BVOI1GB6IGQXJB7I3K9,0.184223041
3RWB1RTQDJNY7CLN5K6M3ORTL2NP8T,0.193910807
3ZLW647WALVGE8EBR50EGUBPU6Y23M,0.187229097
307L9TDWJYSC3U34DOYY8IEN52NN3Y,0.188783661
3B0MCRZMBRUJD4K4R18XPAMJACNPPD,0.186771438
3N5YJ55YXG3CNF2PM3D8VQSTBCFANH,0.188624367
3ICOHX7ENCBCSWRU12DWGXM7OY2E05,0.191819981
3L55D8AUFAXUST31DJIAI1GOFY6CYB,0.190783247
3D7VY91L65XBO7MHGGY4DMNZO4QBMD,0.205600798
3CESM1J3EI31N7Z0ORNJB43Y84V6WE,0.187545031
38XPGNCKHT0ATVVHFTP8S40654T4VN,0.187643707
37G6BXQPLQL0GPWTI07BV3DP112QEF,0.25072521
3ATYLI1PRT256T55HOQY3EVHR8GJOL,0.190048948
3OJX0UFJ0Z7BDMCTRYBUDQ93DPRU9D,0.186450556
3SSN80MU8CONBMPF00D6N6MNI1LKXQ,0.3114582
3ICOHX7ENCBCSWRU12DWGXM7OX50ES,0.214253917
3LG268AV3860SQBTVFWB0TNUXN4ER4,0.205165774
3MGHRFQY2LPAY18L13PQN0EN69F0YC,0.250676602
3UOMW19E6D6WQ5TH2HDD74IVKT25CO,0.236863956
3W0KKJIARR9XWLO7SS1E775URT9K8H,0.241169095
3XD2A6FGFNUVY9KP2TGUYPRFSS7S9W,0.197866768
31GN6YMHLPS6A5XXV4QMC9ZQQTSSWM,0.210634768
3421H3BM9AH2Z61ZFZ7G6O0SW9U9JX,0.19227396
3KWGG5KP6J2UYCENUGUZO6TH6OSCML,0.192409277
3R15W654VDTEMV6LZMUF8Y39AY3LQX,0.195981249
35O6H0UNLSGJYJZNC9UZU8VQADBJ5G,0.203862548
3YCT0L9OMM9GNBOJ33ZZGQMZXIMNSQ,0.190175414
3UZUVSO3P7V9VAY1Q70UEUTKR05MEO,0.198122874
3R16PJFTS3RWDK15GPB1QVPPP6M4K1,0.198216915
37VUR2VJ6APX2NSY1UB14E5E8DXC1D,0.191773117
3XEIP58NL0NN0N7CMIDSZRFDF1TZLA,0.225694001
34F34TZU7WZRZMG0UQS1W1SEQ3Q2J4,0.186983541
3L1EFR8WWT5MU4F3W9GVRQ8032D9FU,0.199478641
35F6NGNVM8JSZQ9BCWN0UYWVZL37TU,0.224721715
3CKVGCS3PG5D2FWC2XX15EQMPOIS0P,0.18741335
3VGZ74AYTGGU62I1JDW4B19KA2GCGD,0.205027938
366FYU4PTGPE5MYY5VNEZH1G2VAEKB,0.216887385
3MIVREZQVHY32PO3EMIETYQULY3QK4,0.228436187
34O39PNDK682LNZ9LOULZLH9UQWRBM,0.187983647
382GHPVPHSRQHMTYVJJ2998NEK043Q,0.205434889
3IYI9285WS04X482RJH78E102U2JCT,0.230593652
3SBNLSTU6U542BJK91F4GE786SMDZ3,0.252581596
3AJA9FLWSCYF558603M84J73MTYFIJ,0.230532035
33J5JKFMK6YX6RGWTGQFCC9SACHQ3T,0.247276157
36FFXPMST9O9FNAFTONDR1F2EGCOHL,0.275185555
3HEADTGN2PSHU1XFQ5LL0XBGXJ5VRR,0.239746109
33NOQL7T9OZSLGNTST4OUMT7V1UZ8O,0.226335809
3MDWE879UH2WHN3NR7UZ80HFO4QB9J,0.208126277
36D1BWBEHN1H0UMLXN5TCTKVUXL2M8,0.207526788
3MG8450X2OAW59S08N7RZG9IITFUPE,0.189148277
3XABXM4AJ15J7OM25XLB3TH3QY48QY,0.189001694
31YWE12TE0CZG7IVH6OXJ1H1CHKX7W,0.185813159
32TZXEA1OLKU7JFJ8F5JLGTQG0M14V,0.185132459
3H5TOKO3D9JPE5GGELH0GCK7OBW64S,0.209206581
37Y5RYYI0P5LZ52N59M8ESDXZV3XSP,0.229731202
3KLL7H3EGD1457JCU09RMT9AA99HVG,0.222658545
3PMR2DOWOO1TV1G2927VO667SGR45G,0.184554324
3QTFNPMJC6IDONAXYVT7CJJ2KWTNZ0,0.199871838
37J05LC5AXJE2WEGRFCISKJINV7DJI,0.185997203
3OB6JN3A9QPY4E36CDKUD1S36P0MR6,0.283717275
37Y5RYYI0P5LZ52N59M8ESDXZVYSXF,0.288846672
3IWA71V4TIGGC74QYWJ5DNH5H676XD,0.228596419
3VGET1QSZ0ZKR7D571SBHI3U3GDW73,0.195492327
37SOB9Z0SSXMFU0J1BIJVQAY07NL3U,0.257860571
3SNR5F7R92TNZR8A5S22M1M3ARQIE9,0.201389685
32LAQ1JNT9PUX1L7P4GB4QAF7XSUTD,0.217695937
3CESM1J3EI31N7Z0ORNJB43Y840W69,0.190443009
3KVQ0UJWPXL543ZMJ8DEJYPYC9K5WX,0.247773916
36U4VBVNQODHHM8FLFBG4B9XJB3RU3,0.228191674
3PMR2DOWOO1TV1G2927VO667SGR54H,0.227100119
3LN3BXKGC0V3K0O604W5NVGN2I3GWV,0.212055922
3X52SWXE0X5Q3O81YI0MX4V84QBWC1,0.192066863
3TLFH2L6Y9OLDPC56K65Y7FNO5H2T9,0.208480626
30F94FBDNRKF12C1PDZGZ0IRIBOTBW,0.286310971
37VUR2VJ6APX2NSY1UB14E5E8D3C1J,0.20297128
3X0EMNLXEPPWIOH0DDHWV2B1W0OVP4,0.187147349
3LN3BXKGC0V3K0O604W5NVGN2I3WGB,0.211701676
3G3AJKPCXLSRXPQMK4CSZ340NLP4YQ,0.20438309
3VAOOVPI3ZS3VYQ87HMJRC4F0SLLLD,0.203264534
32CAVSKPCEPTOH9YNLW1YKRKFDA1UI,0.194773793
3KWGG5KP6J2UYCENUGUZO6TH6OXMC0,0.30866015
30QQTY5GMKK7Z3O0C1DAZUIXI02U72,0.186713949
3XT3KXP24ZYJMCFVZAJ4ADUQTTX6I7,0.243894443
3K3G488TR280K6307ZE8R97CO91Q5E,0.193494558
3M47JKRKCX1QX63IQO7DXO0CQXX684,0.235986859
3OCZWXS7ZO7PT9NNFU6CAN8IE2G5L4,0.224667057
3HJ1EVZS2OJXISVW6VFFH2JX6YK3R8,0.212787598
32K26U12DNONTREA84Q1V8UCIIEDV3,0.259542435
3XAOZ9UYRZR1WO2H6CCWOJUVCTW1Q7,0.285155088
3L2OEKSTW9ASGQDOW725GFK5P7LY8R,0.296972513
39TX062QX1OHFOH8FUL76K5L7GWX3R,0.265472144
3R868ACW4SC7EVTBBRGCMZA5JLZZGY,0.255279779
3XWUWJ18TLQ9XE0WP96L9MWHQA2UU5,0.252001822
3RBI0I35XE36FT7IKQ79PYCU9LT3Y4,0.18585667
38RHULDV9YFHGRU1QSW887T3HVVIWP,0.234802753
3KLL7H3EGD1457JCU09RMT9AA9FHVM,0.331435591
33KGGVH24UHL5L3TSQ7OIRQO9VL1X4,0.398317903
30EV7DWJTVV5CCU03S57W1OEJC0Y6A,0.336206198
3SU800BH86SH5LTF80MGZLZSNPWUQ0,0.302769482
3538U0YQ1FU0F2QNF0FL0D5E3A3F3J,0.328738779
3SCKNODZ0XGU4D4RF01OLZQ3A3H7NT,0.201196313
3TZ0XG8CBUKDFP5GOVAPHYREGY698J,0.24590227
3XUY87HIVPE77YQE75ODR2YT02WMMD,0.227749899
3E9VAUV7BWE6ZE63T5MJC6Q0FWJAY7,0.233444095
3MDWE879UH2WHN3NR7UZ80HFO4L9BC,0.357148439
3IHWR4LC7DD6QQYJSPG2URQHZPLI85,0.359042406
3SV8KD29L4SCGHPU1I1RKR2YQ2GZK1,0.369265854
36QZ6V1589DTI18S04BLULET5EEUSO,0.223604485
3E22YV8GG16JAJ8RBMV5LLHOAXMPNH,0.185216039
3KG2UQJ0MJO4AV96BZAULQ7YFT8NQ6,0.189684018
3EN4YVUOUCSS02JXIFDUMRMA3CQJXV,0.186241791
3SU800BH86SH5LTF80MGZLZSNQUQUW,0.185675576
366FYU4PTGPE5MYY5VNEZH1G2VAKEH,0.189376265
3MXX6RQ9EV5XOBYLTHG9MCBOJGRP4M,0.184910238
3566S7OX5DJRQ6X2AD3QOSD072671F,0.374141276
3QGTX7BCHP29YY4RUVXLI2JGTBTZ5M,0.215042859
3O2Y2UIUCQU6B0YU067KHZMGEWPKFZ,0.230977237
37Y5RYYI0P5LZ52N59M8ESDXZVYXSK,0.253451973
388CL5C1RJN1927IGW7LZKB8JB7LH1,0.359187484
3EN4YVUOUCSS02JXIFDUMRMA3DJJXQ,0.351823688
3S8APUMBJXJ5IXU0UTURIW3QR3EBF6,0.384201378
3QMELQS6Y5BWFBIEPXDDO5VHGPLR61,0.319407314
3RKHNXPHGWWVUIVKVV2J3ZNJOK2KUY,0.231628463
3TFJJUELSHP4R8AUKYBF9XFJ0JB2CK,0.199248269
33QQ60S6ASITHSOGR2S1KF8AALZ0U9,0.195788443
3OREP8RUT2BBWXQV5D090H32SHGGBA,0.204484761
3XU9MCX6VOC8XAZD2V1AYSE50KE2RQ,0.514292121
33KMQD9OFJE51SC4ZTKZP24DAOC77I,0.46542263
3NI0WFPPI9G8FHYFVKUY49UU7ZM06C,0.461767972
38VTL6WC4AD9T8UMY9V24VAENII5YW,0.184951276
3HRWUH63QU2FH9Q8R7MRNFC7JYDN5N,0.191832736
3NKW03WTLM7UXPIK301HH9KP856WQ0,0.222088277
371DNNCG442WZ4EUM1F68YSQA53T8X,0.387034506
335HHSX8CD5IBQJQ3F9XG733A33DHD,0.393133014
3V0TR1NRVA2Q17SJ4YYCWHMTKVL4AH,0.379992485
3NI0WFPPI9G8FHYFVKUY49UU7ZH60D,0.380057037
3TKSOBLOHLGF5GIKPR8VZ6C5C4OBBO,0.34317562
32TZXEA1OLKU7JFJ8F5JLGTQG1F41T,0.245767176
3CO05SML7V5110WZN8XWF4LQ3NS0R4,0.331670195
33BFF6QPI1B2QOCI5PPL41REYDT3W5,0.280119151
3E9ZFLPWOYSW5RZR0XSUAQ7AQXWIXD,0.327821523
3W0KKJIARR9XWLO7SS1E775URSCK8I,0.192236662
3ZURAPD288N45ZC8SW12CKQH5QV1FJ,0.326008618
3087LXLJ6MG4YARQWDX2YF770ZH0F9,0.314195305
3GVPRXWRPHU2QCT0IKOWGRUMO4N7ID,0.340866804
375VMB7D4JJI7LUA9XRIGJ4IAFKIDB,0.350396544
3ZLW647WALVGE8EBR50EGUBPU7W23M,0.281583279
31HLTCK4BLVQ5BO1AUR91TX9VAUGVG,0.313452065
306W7JMRYYYW3IKDMFOL84M44Y8B8U,0.297048002
3YO4AH2FPDK1PZHZAT8WAEBL70SQ0T,0.200415179
3B6F54KMR2CD94HUYG11JJ9WUGOS1S,0.207068741
35A1YQPVFEGN38FHUR9ZI7GQXYMI53,0.191925094
37J05LC5AXJE2WEGRFCISKJINU9DJI,0.202767804
3XBXDSS888JYVS7XL0P726Z271VLXZ,0.30516395
3JUDR1D0D6R8L9KDPGCAT2404YC2QP,0.209434226
38Z7YZ2SB32CWUYFEJX2GIBHTU9IQG,0.366813183
37OPIVELUU3KDJGEJ5IVQ6VXPZ8HAF,0.319633365
3ZFRE2BDQ9EI0HO101GGALA0MAYXZP,0.363924563
374UMBUHN5PYB7473DVBAKO90WTTC8,0.304789186
3NC6WP7WJHKZHME6F90N9Y2BW6TWWA,0.299167544
36KM3FWE3RCRJHCKEUZQANUQ2A070C,0.442222536
3P888QFVX3UMSG9ICEA70F73538QOJ,0.373864442
3CMV9YRYP31X08284WA6BXRNW3GLJB,0.357707709
3CRWSLD91K4V71BQKL3QJ6NYV2GMOX,0.357812017
3RBI0I35XE36FT7IKQ79PYCU9LYY34,0.402505994
3DWGDA5POF4T1WYYSB66U6T3TLC1V2,0.212032765
33W1NHWFYHLBJ0FHVRFJLIPU9EFZTD,0.216880783
3DTJ4WT8BDF9UHXK5WQOMWPT64SZEN,0.437324584
33IXYHIZB5IJO6U8GPHAZLFMLVOE2P,0.421281934
3HKIF5DF6YXS84BY7TMD9B8C4HD9GT,0.446347088
3VMV5CHJZ8FBSJKC5ZRU0B9OYOGTGD,0.406776965
3NRZ1LDP7W6DR8MAEA6ZG8OXKCMZP2,0.410947382
3D06DR5225J65XHPA2Y8IB3T6LCAMM,0.344355792
38B7Q9C28G5QBBMSVGDRXKVNA4869O,0.334869057
3A520CCNWN08T9PCT4AP53YKXKEAES,0.347100258
38EHZ67RIMS7FOUSW2QIEXEW4GPGM4,0.356202155
3BA7SXOG1JQJJP12ICAB8JR8MKB8R4,0.375838578
3HY86PZXPYICZLCCXLHWU25HTPA1EV,0.337168187
3Q7TKIAPOTAKXM2GU0OV8ZWARJEDLK,0.327538252
3XEDXEGFX3OFEWJ4XOOZESZC8U10KC,0.302786827
304QEQWKZPKY4N4JVGGSL9GLSZF0O0,0.204011828
31D0ZWOD0AZ92JAILXBAKEWG3IC0A2,0.318878293
39RRBHZ0AU1QWSJ60MFYM0DF6ZVZVT,0.6132797
3JYPJ2TAYI87MRVADYCSDG8F87TPF5,0.626255453
35U0MRQMUJ7EXO5ZYD4H626BMVSOVG,0.619478226
3ABAOCJ4R84YSDO6ZYVU8BIYA3YQM9,0.365519941
3CVBMEMMXBG2UHIGC26BGFT7OS0H7O,0.40927577
31SIZS5W59FPPT1Y46RBUAC8GQRRQS,0.230190158
3K1H3NEY7LZ4BUOFJ9RFV7R2V2SGDH,0.260995448
3GS542CVJVNUS7MEQX3M5EHNE9X597,0.314322352
337F8MIIMZDU0UU1CW1J7BAGB8G04R,0.321146011
3RBI0I35XE36FT7IKQ79PYCU9LTY3Z,0.45982331
375VSR8FVW9Y3L2PR2AOL3OCLTIRZS,0.374961138
3WKGUBL7SZM7XQJN1PN25V24E6L4LY,0.32668829
3KI0JD2ZU1IMXSYZGJF7JO4HFEK76D,0.351277292
3S4TINXCC0NZOA7TTWDH5QC4J3COBA,0.258869559
3AC6MFV69KILEROMVXYU7ZM6YKKZH3,0.244025752
3SBNLSTU6U542BJK91F4GE786SRZDU,0.405688971
3TLFH2L6Y9OLDPC56K65Y7FNO69T2U,0.411057889
3WRAAIUSBJZHZ9GTO90HTSJRDPRAX1,0.233514428
3VMHWJRYHVGCV0X1ZPM97TUIA61XF0,0.26370126
3XBYQ44Z6P47P5ACK4VCMEVCSCBWTK,0.38519153
3EFNPKWBMSO9IYBXCIW0X6IAX9C303,0.404464573
3K8CQCU3KE19US5SN890DFPK3UPWNJ,0.472083271
3SD15I2WD2U4W9XCE7CH67S1AB5369,0.24211207
3KL228NDMVMCP0UPBQD2ZKMSFBUKG3,0.303458899
3L1EFR8WWT5MU4F3W9GVRQ8032JF96,0.410445094
3LAZVA75NIR50X7XA3K64X90PXU2OH,0.423005044
38F60IALAGHEHF9RRX2RFJM8R7X0TN,0.413690776
39I4RL8QGJH5BU0XA484D39XXPHH49,0.42827642
3F6045TU7DODTUOQTNG3HUMP04O998,0.348838717
3WKGUBL7SZM7XQJN1PN25V24E6R4L4,0.349238187
3B9XR6P1WEVLNZGWDJLCXUVIK92JBM,0.341008514
39N6W9XWRDN795J6F5ET8S13DQ3GYU,0.388553947
3J06WJ78HNK9N8EWZPQV1U0JIOPVVP,0.327518106
3ZQX1VYFTD5GMC9MQKT7EOM3BYK8OQ,0.39871785
391FPZIE4CM4SSUCPAZMQ77RW3YHUR,0.338505387
3TUOHPJXYHXE6MJWPEW9BHGI58UXWZ,0.365574211
3FJ2RVH25Z62TA3R8E1O77EBUYE299,0.344820946
307FVKVSYRF8I5ULXVMSMQK3JMG74S,0.600455582
39WICJI5ATS6KJHNGC9S35LWFF33Z1,0.535653949
3VLL1PIENQOV68A9ZATKR8J7A7QZOL,0.628175199
31S7M7DAGGQREBYDGQOAD3EWU52TLJ,0.576631904
31HLTCK4BLVQ5BO1AUR91TX9V9WVGV,0.570583522
30UZJB2POHC8D5XY9O2CE1E1EGV53W,0.460705757
32TMVRKDGNYCIJZ470EY0QGYU6M84G,0.414748967
3T2HW4QDUV7FRSVT57QUJKNX6PRC9S,0.490586668
36818Z1KV3D5JB9F4KTTMCUN6UR3AV,0.442525625
34F34TZU7WZRZMG0UQS1W1SEQ3K2JY,0.425831497
36GJS3V78VQHEGO7T5DQY5MF0MUJG3,0.626739144
3UEBBGULPFOKEW36UKBMNMVEGOLFUR,0.624403417
3D1UCPY6GG9R0NG07M9FQLOSG6R38R,0.446092129
3M4KL7H8KVN8M6JXR3YYIED4CRR61K,0.462204218
3SU800BH86SH5LTF80MGZLZSNP1UQ5,0.343068868
3OB6JN3A9QPY4E36CDKUD1S36PVMR1,0.350411475
3INZSNUD80QPWK1753L53Q5FRQV9DJ,0.626686156
33NOQL7T9OZSLGNTST4OUMT7V1P8ZS,0.626118362
3LCXHSGDLT6CT5B6A4WGQ3SQJPNSE6,0.626469731
359AP8GAGGKBD970QASA5OWRBZXC7A,0.35905683
322ZSN9Z5GKVG3RSAYPTRMCL8JCT4V,0.35480088
3ZURAPD288N45ZC8SW12CKQH5QPF1R,0.450203717
3KTZHH2ONIFSM9OAD4EUMKXYGX7M8P,0.452050835
3NOEP8XAU42OMDMVDSIEJN8MCBRPXW,0.470288634
3OLZC0DJ8JF412UW0IRCM5APAMTVIS,0.308745652
32L724R85LKRWIX0E6IDGDL7OYSIPU,0.510277271
3H5TOKO3D9JPE5GGELH0GCK7OBW46Q,0.425995231
3U74KRR67MLH2B1YS34PQVILZ07NTK,0.59761101
3VJ4PFXFJ37PI5MYJ4PU9LKNJ88UAT,0.563274801
3WJGKMRWVI9RUI8AHNVW5G6NXA6CD9,0.541658282
3YZ7A3YHR5TCXMIDZ33DM9MD6WTS5A,0.547591984
3J5XXLQDHMBPBZCDFFKPIZ80R4X3V1,0.594777882
3AJA9FLWSCYF558603M84J73MS5FIO,0.626713216
31JUPBOORN48GR6PDSDFM7I9GSI8LA,0.476197362
3MG8450X2OAW59S08N7RZG9IITAPU4,0.627594352
3T8DUCXY0N6WD9X4RTLK8UN1UCJ9T2,0.627851486
3PMR2DOWOO1TV1G2927VO667SGL54B,0.618310511
3MG8450X2OAW59S08N7RZG9IITFPU9,0.627857924
3URJ6VVYUPNF3BMKEH3UXC6Y9BVO44,0.625715256
3IKDQS3DQE082TOW91W7WDM0PG6ICB,0.444957614
33NKDW9FFXI5SODR8NW8ZN9FDSHXCV,0.511529922
3PKVGQTFIHKYYVSKVG857WFAFZ9RYW,0.551056027
3G3AJKPCXLSRXPQMK4CSZ340NLUY4P,0.506208599
3EAWOID6MTXTU7DGWS26G1ATOSD0V3,0.356079698
3ZVPAMTJWN3YC47K1AMZ0W86A3OGRS,0.381381154
3OJX0UFJ0Z7BDMCTRYBUDQ93DQQU9E,0.592885256
3WJGKMRWVI9RUI8AHNVW5G6NXA0DC4,0.627156019
3W1K7D6QSBHBNEL0V5OYLOJ837ABZU,0.558846235
307L9TDWJYSC3U34DOYY8IEN51V3NK,0.625054359
3CMIQF80GNQW3A3ECIODJFLCK3E6QA,0.614441216
38G0E1M85M59ATPWUZGQ58Y04HGUVZ,0.588979661
3XUSYT70IT170QDU572CAF4MOL90D4,0.602621138
3X2LT8FDHWIORLIOH6KHVIZPE138WO,0.184137419
3QX22DUVOOHQXLKNLXP4EYH6RZBVME,0.189626321
3NBFJK3IOHIVFRF49I5V6131ZH1GOI,0.187902927
3LN50BUKPVBTMJ56Z9FQ8TDZ56KLPH,0.185268745
3CZH926SICETRK9VK30YS0CK5AME4P,0.190335795
3AFT28WXLF29BILZZ65YRDGHEV9OI0,0.185538098
3MXX6RQ9EV5XOBYLTHG9MCBOJHNP4K,0.195539445
3VW0145YLYCH6QKT48BLBA6CWALMJX,0.19849205
337F8MIIMZDU0UU1CW1J7BAGB9C04P,0.184340119
3XABXM4AJ15J7OM25XLB3TH3QZ68Q2,0.189069703
3ATYLI1PRT256T55HOQY3EVHRA0JO9,0.195745185
3SNR5F7R92TNZR8A5S22M1M3ASMEI3,0.195083767
38LRF35D5LWPYKNDAPAKMD6HD1M3UI,0.209926426
3XJOUITW8UR258EQ8VW6UPDQ4D7QTR,0.195772365
3XEIP58NL0NN0N7CMIDSZRFDF2PZL8,0.242775038
3VGZ74AYTGGU62I1JDW4B19KA41CG2,0.237432227
3X878VYTIEIIGLRAHCIBDUHU8DQF7R,0.186586902
3L55D8AUFAXUST31DJIAI1GOFZ8CYF,0.230258957
3XH7ZM9YX2UJXUKCN4GP8FMJ6RPR9A,0.196511015
38F60IALAGHEHF9RRX2RFJM8RBUT0L,0.297521889
3HXCEECSQMT70MEB5X2ITZH9OHTYZZ,0.280451685
3HFWPF5AK9J9J7V9LKFK7COTS413S2,0.184409142
3ATYLI1PRT256T55HOQY3EVHRCJOJ1,0.185154319
38RHULDV9YFHGRU1QSW887T3HX8IW6,0.184703529
3BFF0DJK8XCEIOT30ZLBPPSRM0BTS0,0.184315324
3G5RUKN2EC3YIWSKUXZ8ZVH95VK9NQ,0.184269562
3D1UCPY6GG9R0NG07M9FQLOSG7S83Z,0.185360983
388FBO7JZRTDJX0S29ROYCA0E42YN1,0.184423119
3AQN9REUTFG4XL9FDFDL27Y60ZJYD0,0.184710249
3VDVA3ILIDFAJZ833G7KU5QT67A1G1,0.184889555
3LEG2HW4UFNBUKU4B01GH30MXYLF2U,0.190722451
378G7J1SJLY50MSFU96HNSVBP44EWW,0.197566986
3OKP4QVBP2X6DNL3ZZ0D56JWA1DAGV,0.187593237
3NZ1E5QA6Z1DG01BOHHIWKCD2945BL,0.184610173
3UAU495MIISEK9GZTNUCAG4S8QVUOD,0.187400416
3DA79LNS59VAY78OAKKAHHKFUNF3TR,0.198335975
3OQQD2WO8I6KPTSDG8L63AI6J4GI32,0.191563919
3RWSQDNYL9MVVE6GZVGN1MUB62QFFE,0.207122773
3VIVIU06FKCLBF0NMQQLZ9RCJVUIMF,0.185898989
3CVBMEMMXBG2UHIGC26BGFT7OS3H7R,0.185107797
3SX4X51T809U5021NIDLAFSY1N4AOI,0.184886724
3RSBJ6YZECQP1RJ9YYZDOG3PY3HFO0,0.186827913
3JUDR1D0D6R8L9KDPGCAT24040X2QE,0.185305744
363A7XIFV4MPVKBYOUZZ57M6XFLAV2,0.184778035
3SSN80MU8CONBMPF00D6N6MNI33KXC,0.184605792
3VMHWJRYHVGCV0X1ZPM97TUIA65XF4,0.208152205
3B6F54KMR2CD94HUYG11JJ9WUHKS1Q,0.19313933
3FW4EL5A3LORTQISN5M9XK6XOT022F,0.193203241
3RDTX9JRTY19FB0XEQIJ3YVJ5FW97U,0.249468684
3X52SWXE0X5Q3O81YI0MX4V84R8CWG,0.285742283
3K2CEDRACB1BKTGYG2PPDGTLUCCMT2,0.311325401
3GMLHYZ0LEXQENK1ZA3AC72UMZEUY6,0.300699264
3J94SKDEKIP6VXZV2D8ORA0D5VW5DA,0.296572745
3MZ3TAMYTLNC8VDFRYM2L8LMPHCRIT,0.184435591
33NKDW9FFXI5SODR8NW8ZN9FDUUCXR,0.185891896
3MVY4USGB6NO9ADS6NM7BIQIBKCSI1,0.255612344
3A3KKYU7P3H3CAKSB7U0000KY5BWMH,0.312629312
3O71U79SRBPA5T3JR2KZ3BXZSTWSMH,0.20980835
3B9J25CZ25DXW7RSEDQL0FSNYFVCSM,0.237083375
3W3RSPVVGSR6EOD2GVEKIZ0YDKBLU6,0.186782494
36818Z1KV3D5JB9F4KTTMCUN6VS3AY,0.235695913
3WGCNLZJKF877FYC1Q6COKNWTFRD10,0.197718859
3L1EFR8WWT5MU4F3W9GVRQ8034W9FH,0.215749651
3M7OI89LVYOS99TV70NIZAWVGQW6CS,0.184927389
3MWOYZD5WVO1PJWQWMIQWLCY0TMONX,0.184238493
37M4O367VJI9ZR58F67RA0N7E885MA,0.270779163
3W31J70BASWZ8OEK94HJ9T1DHLICK5,0.252400964
3UY4PIS8QRLGTRPPQKKFKPZQ7JU1N7,0.261732996
3NQUW096N688UWPZIKJTM3DK00K9LO,0.322404206
386659BNTLHD8VXIPEIH9D3DZQJ10W,0.184634119
3QD8LUVX4XYKT34CTD90LH35LCRX5L,0.18578124
38F60IALAGHEHF9RRX2RFJM8R8ST0D,0.184971035
3GV1I4SEO9PLCDN1KDGH2TMIAZA6L8,0.185975865
3FVBZG9CLJEOC6IWR3L210JKGEY0HB,0.185017914
3HXK2V1N4KFH8KQZMK7YZO0YYC5G2C,0.184093937
3MDWE879UH2WHN3NR7UZ80HFO669B1,0.195441648
3J9L0X0VDFMO5Q1YMYQVVEU0Y64W9I,0.184779897
3WGZLY9VCHMPIFIX0BFR3UA47KHD82,0.246782124
3909MD9T2ZH3P06K4KWHJ49BU1BFEW,0.186840162
3CESM1J3EI31N7Z0ORNJB43Y86E6W1,0.189452007
32K26U12DNONTREA84Q1V8UCIJYVD7,0.188139647
324N5FAHSXBV7XKK0LCOZLP22SVKV9,0.184282556
3OWZNK3RYLP0D2RU6PWF331P7L0U28,0.183959216
3N7PQ0KLI5P89OQRKPVFIVKERAQE34,0.205322728
382GHPVPHSRQHMTYVJJ2998NEMF439,0.314324796
3909MD9T2ZH3P06K4KWHJ49BU1BEFV,0.278482974
30P8I9JKOILSPEZHTY8IXW6K522V51,0.287278205
3MG8450X2OAW59S08N7RZG9IIUBPU7,0.188698307
344M16OZKIFFDSJ128FUR9IKWRGENJ,0.192693338
39N6W9XWRDN795J6F5ET8S13DSIYGV,0.192713961
39WICJI5ATS6KJHNGC9S35LWFGZ3ZZ,0.189382419
3EN4YVUOUCSS02JXIFDUMRMA3DMXJ7,0.184986368
3FO95NVK5C0129GBWAGGPAR9YGVSR5,0.206002966
3NZ1E5QA6Z1DG01BOHHIWKCD2AKB59,0.193400979
306996CF6WKESI0SNUF6TUZWQUFB1R,0.220833898
31KPKEKW4ADELTFARBB6FPGML29B0O,0.225501955
3SMIWMMK615MPIP1K9LMRAHEBREUW7,0.207181334
38VTL6WC4AD9T8UMY9V24VAENILY5S,0.198127836
3FULMHZ7OUXR381811OH58HTEDW4MP,0.217172563
32TMVRKDGNYCIJZ470EY0QGYU84842,0.2544249
3IKDQS3DQE082TOW91W7WDM0PGAICF,0.223525316
3MQKOF1EE2O08GEFYEVXHADQPS2WDK,0.185245454
3Q2T3FD0ON86LCI41NJYV3PN0CH3MI,0.24025178
3087LXLJ6MG4YARQWDX2YF77001F0A,0.262499511
3UUSLRKAUL3LI1DEQ6NLPUE9W1RD7X,0.312892348
338431Z1FLFM4HOIPTZ755H81RUOR6,0.255633414
30EMX9PEVKJFF53G6Q7JOY5V3O1KS4,0.413586706
3NC6WP7WJHKZHME6F90N9Y2BW7PWW8,0.211627245
3RTFSSG7T86J6S27BVTL0NLVY14WL0,0.33670339
3AXFSPQOYQYB0GSCIL78GKM3Z8RJF3,0.19032827
3MD8CKRQZZN836XL9G72X90M2W1RJ5,0.247683704
3J9UN9O9J3SK3CDMF3ONDDZZT62J0Z,0.188594803
341H3G5YF0EA3RIQXPR917NPC4EZ0Z,0.309927374
3KWGG5KP6J2UYCENUGUZO6TH6QDCMA,0.315015376
3VJ4PFXFJ37PI5MYJ4PU9LKNJ8BUAW,0.303637385
3O71U79SRBPA5T3JR2KZ3BXZSTWMSB,0.305409998
311HQEI8RSGOL2IAIOCIGMXCKJ1Z7I,0.389630675
388FBO7JZRTDJX0S29ROYCA0E42NYQ,0.22771211
38EHZ67RIMS7FOUSW2QIEXEW4HMGM3,0.203429192
38XPGNCKHT0ATVVHFTP8S40655P4VL,0.206054971
3IWA71V4TIGGC74QYWJ5DNH5H8K6XU,0.221636355
3QE4DGPGBRBRBY5MQYQMS3XWIRHG4Q,0.2190236
3ULIZ0H1VA5C32JJMKOTQ8Z4GXD512,0.221844405
3X0EMNLXEPPWIOH0DDHWV2B1W23VPN,0.226919264
30IRMPJWDZJ3EQ33R17EYO0ZHL1KRX,0.190481275
3CESM1J3EI31N7Z0ORNJB43Y85WW67,0.229468748
3V7ICJJAZAGVKHXBACY8RS6Z2EPB44,0.320178092
3KWGG5KP6J2UYCENUGUZO6TH6QCMCJ,0.190594494
3HXCEECSQMT70MEB5X2ITZH9OICZYL,0.41161862
3BDORL6HKKDLVSRFZOQGA5NRCCTCRD,0.245332584
34XASH8KLQMDS1NRZLG586SO59PPMY,0.189866975
3IVKZBIBJ09ODF28054MB6P3B7XHSX,0.197079301
3J6BHNX0U9SIZSBBYUQXP4VPGOCNKC,0.220720842
3U74KRR67MLH2B1YS34PQVILZ14NTJ,0.184386462
33EEIIWHK77HI0IFDQWLV71B1YNVQC,0.184902191
3CMV9YRYP31X08284WA6BXRNW5TLJS,0.18817544
3XEDXEGFX3OFEWJ4XOOZESZC8WIK0H,0.1876055
3RQVKZ7ZRKJYFRFYTH34TBN5ZA572L,0.185848489
3ZVPAMTJWN3YC47K1AMZ0W86A4LGRR,0.18685773
3RIHDBQ1NEYLFKP3G880ZXQXJIFMHQ,0.184982166
3IWA71V4TIGGC74QYWJ5DNH5H72X61,0.332131356
3G5RUKN2EC3YIWSKUXZ8ZVH95VH9NN,0.329801589
38VTL6WC4AD9T8UMY9V24VAENJ25YI,0.340133965
3126F2F5F83FGDVEINSMVYNFW7YPE9,0.323270857
3LN50BUKPVBTMJ56Z9FQ8TDZ54ZLPS,0.209066182
3KI0JD2ZU1IMXSYZGJF7JO4HFEO76H,0.384484321
3WJGKMRWVI9RUI8AHNVW5G6NXB2DC8,0.394375682
3P520RYKCH6SCZAHO8YD1A41RUAU5Q,0.415643841
34YWR3PJ28ALYWIBW73O4M7E44H0X4,0.366115302
3GS542CVJVNUS7MEQX3M5EHNEAK59W,0.352261633
3GS542CVJVNUS7MEQX3M5EHNE9159B,0.371577591
30F94FBDNRKF12C1PDZGZ0IRID7BT1,0.21942842
3D1TUISJWI04ON5WVSH7QJ86WHZUIL,0.31822291
3G3AJKPCXLSRXPQMK4CSZ340NMQY4N,0.407056212
31KSVEGZ34SU9QXKGFQHMZUU4TRWRO,0.310216218
322ZSN9Z5GKVG3RSAYPTRMCL8LP4TN,0.316988707
3TZ0XG8CBUKDFP5GOVAPHYREGZ289G,0.311421216
34KYK9TV2R8EM2ZM0DUQPVM5GUUSBU,0.356442451
39HYCOOPKOL434K1UCPA8CBZRP6DMQ,0.343754679
3E22YV8GG16JAJ8RBMV5LLHOAYIPNF,0.278686374
36JW4WBR06KF9AXMUL4N476OMGMHFV,0.270663947
367O8HRHKG8U13EDLYK3HHGZ61US43,0.256467581
37OPIVELUU3KDJGEJ5IVQ6VXP09HAI,0.248180255
3K3G488TR280K6307ZE8R97CO955QX,0.24329558
3SA4EMRVJV2GPNGKAGT7A9LB26QP0P,0.327998042
3PR3LXCWSFZ3UQ6OW3MHXX8779TX9X,0.228211865
3LB1BGHFL2WBEA5CZ5D07BGS3MOTYX,0.222610727
3O0M2G5VC62CWOIECSKC0MB9EEP49Q,0.187369272
3YKP7CX6G2FS34FUCAWFU4Q9TFZB76,0.190652832
3UUIU9GZC55DCMVSO383WEIZ8HK5TT,0.243705317
37AQKJ12TXOFXO6IPZQ1ZUODOK8TTA,0.195470259
3NSM4HLQNRUPDSMYRR2BPK23K8TQQ2,0.311455518
3J5XXLQDHMBPBZCDFFKPIZ80R8V3V7,0.303078085
382GHPVPHSRQHMTYVJJ2998NEMD437,0.246317565
385MDVINFCFDB2E78AH8K883UBGJW0,0.282949239
3TKXBROM5TAVA7U2JTDTJHZVF11JIE,0.21588175
3XEDXEGFX3OFEWJ4XOOZESZC8WI0KX,0.285429299
37NXA7GVST66R322LLOPEL2HRRJVL4,0.309445947
36KM3FWE3RCRJHCKEUZQANUQ2B2079,0.33884117
3R15W654VDTEMV6LZMUF8Y39AZ5LQ1,0.184998006
3PIOQ99R7YMW2OGNS8UZVR4NIFBNUA,0.320714533
3IKMEYR0LWVMA6MICBSDXGSR5U2K21,0.331417829
3XQ4XW3OD9CKYPZQHK1FO2J1MNZ2SI,0.325622231
3HFWPF5AK9J9J7V9LKFK7COTS1Z3SU,0.350301534
3LOJFQ4BOXF9DGKY90CUTZJV2LRKDA,0.329719096
3A520CCNWN08T9PCT4AP53YKXLYEAI,0.271598518
3NOEP8XAU42OMDMVDSIEJN8MCD9PXI,0.304832667
3INZSNUD80QPWK1753L53Q5FRRFD99,0.295471013
3MD8CKRQZZN836XL9G72X90M2XKJRI,0.287879884
3EHVO81VN5LOJV3ENMP2F52UL641HF,0.301100463
33P2GD6NRNSQPWP0VWVKKKYTUDKKHJ,0.310587645
3W5PY7V3UP7H0797NBZW55TJ5KZJYK,0.310320258
3CKVGCS3PG5D2FWC2XX15EQMPQXS08,0.288351715
3VMV5CHJZ8FBSJKC5ZRU0B9OYPHTGG,0.186711773
3E6L1VR4XWMZCLD5Y2DJ7GHYD26F6S,0.359072268
3BCRDCM0ODUAS75JZD4GNT93LZ4K6I,0.419700176
34R0BODSP1ZBN3DVY8J8XSIY56HE5U,0.277609378
3NC6WP7WJHKZHME6F90N9Y2BW88WWT,0.254582077
32TMVRKDGNYCIJZ470EY0QGYU8548Z,0.222765565
3INZSNUD80QPWK1753L53Q5FRQZD9R,0.228861421
3MYASTQBG7BVOJITM5WRPLV41RJQD8,0.38522476
3ZQA3IO31BRYBCP1RZKSZEZVXSIO1Q,0.226176947
3FDWKV9VCN2QK6VNG7FZICFNDP0UMG,0.229387969
31S7M7DAGGQREBYDGQOAD3EWU7KLTX,0.482434362
33TGB4G0LPHME5F2U9RYOX9J1FDXTC,0.294734061
3R868ACW4SC7EVTBBRGCMZA5JMMZGN,0.211327076
3BJKPTD2QCC2H9TQLAL6ZFNV0Z9RTT,0.193718478
324N5FAHSXBV7XKK0LCOZLP22SVVKK,0.304692656
334ZEL5JX6FY5WOV4IZCVFM4NTBOSS,0.319884628
3EKTG13IZU3N1G8T7TNYRPJ40Y8LME,0.315590113
359AP8GAGGKBD970QASA5OWRB0ZC7E,0.195782691
30EV7DWJTVV5CCU03S57W1OEJEE6Y0,0.188623488
35F6NGNVM8JSZQ9BCWN0UYWVZNFT7W,0.193255365
3DWNFENNE3V120VNY4BPPGPCAIIJ4F,0.190567955
3DTJ4WT8BDF9UHXK5WQOMWPT668EZM,0.307683557
3BA7SXOG1JQJJP12ICAB8JR8ML7R8L,0.298948348
3FULMHZ7OUXR381811OH58HTEDVM46,0.373633951
335VBRURDJ0UOQF71YWP98N0R20E9L,0.365222424
3FULMHZ7OUXR381811OH58HTEDT4MM,0.309395194
3V7ICJJAZAGVKHXBACY8RS6Z2D9B4M,0.201080456
3E24UO25QZQTIYQYX5W9UAQC54EO66,0.207198486
36KM3FWE3RCRJHCKEUZQANUQ2B170F,0.370461017
3IVKZBIBJ09ODF28054MB6P3B7ZSHA,0.373145849
3OND0WXMHWFN3WXQZAKHMPLOAGQHEY,0.210703731
3D7VY91L65XBO7MHGGY4DMNZO5CMBC,0.230194017
3ZRKL6Z1E83ADJ7XGZM4Q6D2W64GSF,0.386455268
3IHWR4LC7DD6QQYJSPG2URQHZQ5I8R,0.381138057
3VMV5CHJZ8FBSJKC5ZRU0B9OYQYGTM,0.417160302
3BDORL6HKKDLVSRFZOQGA5NRCCSRCR,0.31510669
3VGET1QSZ0ZKR7D571SBHI3U3HZW7R,0.305187255
34F34TZU7WZRZMG0UQS1W1SEQ52J21,0.318366975
3IHWR4LC7DD6QQYJSPG2URQHZQ58IH,0.327718675
33N1S8XHHMLAAG38T8V9FC6ZHX1Z1L,0.303643912
3WPCIUYH1A88GZAL39QMUQ6RLX2DTR,0.315621734
3NKW03WTLM7UXPIK301HH9KP87PWQN,0.189918518
3UUSLRKAUL3LI1DEQ6NLPUE9W0BD7F,0.35586372
3NBFJK3IOHIVFRF49I5V6131ZIHOG8,0.338891625
371DNNCG442WZ4EUM1F68YSQA7L8TY,0.3290658
32FESTC2NHQDBKJW3ILLFGABJCFUCJ,0.31608665
3D4BBDG7ZHWTCQ6DOYPKS7KB6ZT3CI,0.335844785
30U1YOGZGAW71ZX6E9LWKLA5JF4DSK,0.318910658
33CLA8O0MIBSY4BPQQGHIB8U9Q3RFN,0.350654036
3FDWKV9VCN2QK6VNG7FZICFNDQGUMY,0.327794969
3B0MCRZMBRUJD4K4R18XPAMJAE2PPW,0.371822506
3HY86PZXPYICZLCCXLHWU25HTRSE1U,0.310969979
3W1K7D6QSBHBNEL0V5OYLOJ838CBZY,0.305491418
3RSBJ6YZECQP1RJ9YYZDOG3PY21OFR,0.456417084
33KMQD9OFJE51SC4ZTKZP24DAQR771,0.304211885
3OPLMF3EU5NTJYTTJU2Y44845OHNLF,0.300874442
3D5G8J4N5A4UAGA7UUQG0CCYL5MVTQ,0.32984817
37YYO3NWHDQHPQ2WHR0LLAO5CC7CCQ,0.323604494
3PUV2Q8SV448KDG43NZ1UW05FQ2DB1,0.328192353
344M16OZKIFFDSJ128FUR9IKWSXNEB,0.35746029
31ANT7FQN82N7D4XO9REIVFBXNS5HM,0.329466134
306996CF6WKESI0SNUF6TUZWQUG1BI,0.215480506
3L21G7IH47WA5QT3XMTQ15XXB301YZ,0.226407275
3ATYLI1PRT256T55HOQY3EVHRA0OJE,0.360973001
3ZC62PVYDHATVMOMZJSVD0UPEB1XXV,0.305088282
3UOMW19E6D6WQ5TH2HDD74IVKVLC5I,0.350136846
3O71U79SRBPA5T3JR2KZ3BXZSSFMSS,0.252949715
3ULIZ0H1VA5C32JJMKOTQ8Z4GYW51N,0.321160585
3HKIF5DF6YXS84BY7TMD9B8C4IFG94,0.309716225
3X2YVV51PU46GLY3ILB2G8CH0V01W0,0.340989172
37ZQELHEQ0YDPGBEJ63D4HNT5UONM0,0.296905905
3VGZ74AYTGGU62I1JDW4B19KA4YGC3,0.315576345
3D0LPO3EABZV1I043OR1D1A54E7YOG,0.278563529
3VEI3XUCZRX4PH0J4TCMU5MYBWOPRM,0.355357111
32CAVSKPCEPTOH9YNLW1YKRKFE5U18,0.273619473
32L724R85LKRWIX0E6IDGDL7O07PIK,0.313353121
39KV3A5D187RKQWWNWIAKT09X41S76,0.258511275
3OJX0UFJ0Z7BDMCTRYBUDQ93DQTU9H,0.324275225
3H5TOKO3D9JPE5GGELH0GCK7OCY46U,0.287948549
3R5LWXWHR08I90TWA9SRPEUUBL6GXN,0.317026228
3ZVPAMTJWN3YC47K1AMZ0W86A51GR9,0.371368021
3UOMW19E6D6WQ5TH2HDD74IVKVNC5K,0.337804675
3VMV5CHJZ8FBSJKC5ZRU0B9OYQYTGZ,0.195400044
3UEBBGULPFOKEW36UKBMNMVEGP7UFU,0.345117539
33EEIIWHK77HI0IFDQWLV71B1YNQV7,0.302966058
3S8APUMBJXJ5IXU0UTURIW3QR4YBFS,0.285646319
3XBXDSS888JYVS7XL0P726Z272RXL9,0.311012119
3N5YJ55YXG3CNF2PM3D8VQSTBDZAN3,0.235727757
3JMQI2OLFZ5ALM516D4ALR0ZWFGDNQ,0.191653565
3S829FDFT21FXGJ58JRJJTRXYU6DXS,0.470134825
3RWB1RTQDJNY7CLN5K6M3ORTL408PT,0.207045957
3VW0145YLYCH6QKT48BLBA6CWALJMU,0.227772608
3YGE63DIN8X69WDLM27223T7V5D0WJ,0.361058325
3XD2A6FGFNUVY9KP2TGUYPRFST8S9Z,0.361013263
3VDVA3ILIDFAJZ833G7KU5QT6781GZ,0.27864942
3HYV4299H0WUALWXW6QB9CSP7XY8E8,0.292680889
3Y3N5A7N4G971FFSQ8COLXL09ESYM1,0.350309968
3RKHNXPHGWWVUIVKVV2J3ZNJOLMKUK,0.358424515
3ZG552ORAM40QHGUBF6KZP38LRSV2F,0.344296277
3LAZVA75NIR50X7XA3K64X90PZCO2P,0.388425142
3BS6ERDL9372E1Z97WITJGED1PR6D9,0.31596759
3ROUCZ907FUJ74W2X1I3BAC3Q4AOOX,0.312297344
3GL25Y6843UI1APILCQM2JER77HXMB,0.315856278
3OWZNK3RYLP0D2RU6PWF331P7KJU2P,0.410325795
3W3RSPVVGSR6EOD2GVEKIZ0YDLRLUO,0.360581785
3ZRKL6Z1E83ADJ7XGZM4Q6D2W63SGQ,0.367031991
3LAZVA75NIR50X7XA3K64X90PYWO27,0.447190285
3ZUE82NE0A1MGZWTRHAHRUDPJXWF8E,0.455363303
3XQ4XW3OD9CKYPZQHK1FO2J1MOHS2S,0.419946641
3H4IKZHALBIJ7YWEV7IDHWCTAKYNN0,0.471163481
3QMELQS6Y5BWFBIEPXDDO5VHGR16R0,0.358873665
3DA79LNS59VAY78OAKKAHHKFUKD3TJ,0.325128317
3RQVKZ7ZRKJYFRFYTH34TBN5Z9M27V,0.320409536
3ZTE0JGGCESIYFZZ7W9CGAIM1QSCOP,0.330281198
32L724R85LKRWIX0E6IDGDL7O05PII,0.395809233
3YCT0L9OMM9GNBOJ33ZZGQMZXJ6NSC,0.325208724
3DWNFENNE3V120VNY4BPPGPCAII4J0,0.412801027
371QPA24C2OEO4U9NG6RTO5IW0Z1TP,0.407399654
3P888QFVX3UMSG9ICEA70F73549OQK,0.437866241
3W0KKJIARR9XWLO7SS1E775URUU8KS,0.426831126
3O4VWC1GEW6GK4CJYQ66FBX6WJ2J3C,0.375347018
3TLFH2L6Y9OLDPC56K65Y7FNO7W2TS,0.368371367
3R6RZGK0XFCQR29140DF8T4D074YVI,0.309250474
3D4BBDG7ZHWTCQ6DOYPKS7KB6ZWC3U,0.399367988
34R0BODSP1ZBN3DVY8J8XSIY57XE5C,0.60357511
3MNJFORX8B43THDRTJ3EFA3YH8CF5V,0.260648161
36AZSFEYZ40UEUGQU8ZV0I6CFYNBVH,0.382120878
378G7J1SJLY50MSFU96HNSVBP3KWES,0.451646149
39AYGO6AFFKB0DQMWQWWFLQ7FTSN67,0.419701606
3TTPFEFXCTKJQH4BTS1JA1TBTHK6HI,0.402218878
36JW4WBR06KF9AXMUL4N476OMH3HFE,0.478227854
3SA4EMRVJV2GPNGKAGT7A9LB257P04,0.460784525
3TUOHPJXYHXE6MJWPEW9BHGI59VXW2,0.463053167
3OREP8RUT2BBWXQV5D090H32SIIGBE,0.370684654
3126F2F5F83FGDVEINSMVYNFW70PEB,0.468535036
3K8CQCU3KE19US5SN890DFPK3W4WN2,0.558063447
3UOMW19E6D6WQ5TH2HDD74IVKVN5CD,0.523982346
36JW4WBR06KF9AXMUL4N476OMH3FHC,0.328436673
3SZYX62S5G0QEOYLB052RIQHJKT57H,0.43867901
3MXX6RQ9EV5XOBYLTHG9MCBOJI4P43,0.594715118
36818Z1KV3D5JB9F4KTTMCUN6W83AG,0.44914791
3BAWBGQGYLZ7CID0HRNFVGKGW8VV7E,0.533157706
3UAU495MIISEK9GZTNUCAG4S8PFOUP,0.517109096
363A7XIFV4MPVKBYOUZZ57M6XFKVAM,0.504624188
33EEIIWHK77HI0IFDQWLV71B108QVW,0.402325988
3QE4DGPGBRBRBY5MQYQMS3XWIRH4GE,0.309966028
33BFF6QPI1B2QOCI5PPL41REYFC3WS,0.331843019
3MIVREZQVHY32PO3EMIETYQUL0GKQF,0.333606362
3CVBMEMMXBG2UHIGC26BGFT7OTMH7C,0.49598369
3K3G488TR280K6307ZE8R97COALQ50,0.421191007
31ODACBENUF1Q81BJVRGKKH42TCSQL,0.510052264
3W31J70BASWZ8OEK94HJ9T1DHLFKCA,0.52373594
