3UXQ63NLAAMRIP4WG4XPD98AOYOBLX,0.210258782
3FJ2RVH25Z62TA3R8E1O77EBUYU92W,0.225670874
3YO4AH2FPDK1PZHZAT8WAEBL70EQ0F,0.224804699
3X52SWXE0X5Q3O81YI0MX4V84QTCWZ,0.212702215
32K26U12DNONTREA84Q1V8UCIH2VD7,0.300164521
3MDKGGG61QN9VQV6TMI8OKWZ4AZ6TA,0.269693285
3XUSYT70IT170QDU572CAF4MOLQD0Y,0.325451106
3087LXLJ6MG4YARQWDX2YF770Y60FW,0.330393374
3IHWR4LC7DD6QQYJSPG2URQHZOAI8S,0.265067399
3ZTE0JGGCESIYFZZ7W9CGAIM1OUCON,0.253503591
33QQ60S6ASITHSOGR2S1KF8AALL0UV,0.257671922
3RDTX9JRTY19FB0XEQIJ3YVJ5EG97C,0.288184494
386T3MLZLNVVJVH3OZRWONQLDUT80N,0.297099978
3U18MJKL1UM0GUZN6H9Z1LIHBEPCN8,0.33750388
3INZSNUD80QPWK1753L53Q5FRPKD9A,0.248634711
36818Z1KV3D5JB9F4KTTMCUN6UD3AH,0.417739153
3D42WVSDH8V1V5NB4L8BQ71RCBLFYC,0.301674277
3L2OEKSTW9ASGQDOW725GFK5P77Y8D,0.231482416
3NSCTNUR2ZN8XQWJI3HM19S7KQ4A5E,0.459307373
3XU80RHWHZGBZIC2VXOLJE0TSKC44R,0.314641982
37ZQELHEQ0YDPGBEJ63D4HNT5SSNM0,0.250208825
3WGZLY9VCHMPIFIX0BFR3UA47J2D8L,0.24297224
39AYGO6AFFKB0DQMWQWWFLQ7FSD6N9,0.30616042
32TZXEA1OLKU7JFJ8F5JLGTQG0241E,0.352512151
3A9LA2FRWSEW9WO7UFA9AE6VQK3XHL,0.317142576
3TFJJUELSHP4R8AUKYBF9XFJ0JY2C7,0.279974341
3EAWOID6MTXTU7DGWS26G1ATOSTV0E,0.320724815
3UDTAB6HH6ZVX00DTRXAOJLWX0B094,0.342235237
3QO7EE372ON29MK9895LUV74Y4BBQM,0.320105284
359AP8GAGGKBD970QASA5OWRBZK7CS,0.330991715
3P6ENY9P79WZJ1ZCVTA874JG27ZIH6,0.408203721
3FK4G712NX0D3OGOBZGLFKW5KGISST,0.318533272
32TMVRKDGNYCIJZ470EY0QGYU69843,0.386604875
3D17ECOUOEV9PNWF8100BB1K20713R,0.379942358
3TKXBROM5TAVA7U2JTDTJHZVFZ3IJB,0.355628639
3JY0Q5X05J67NEY6LZSN1SUZ8UUGGD,0.290698826
3KG2UQJ0MJO4AV96BZAULQ7YFTPNQN,0.275275111
3N5YJ55YXG3CNF2PM3D8VQSTBB3NAG,0.257542133
33J5JKFMK6YX6RGWTGQFCC9SACYQ3A,0.487658054
368IUKXGA58B3Y2ZC59OJAV2F7E6P5,0.474652082
3AJA9FLWSCYF558603M84J73MSNFI6,0.543193519
3J9L0X0VDFMO5Q1YMYQVVEU0Y5Q9WF,0.417393357
3NZ1E5QA6Z1DG01BOHHIWKCD28P5B4,0.439943463
3OID399FXG7YXUSK8PLXDMRQUNFDF2,0.442219704
3GS542CVJVNUS7MEQX3M5EHNE8M59U,0.454600185
3TCFMTM8HEOK450W41MVS1WSWM712G,0.451114029
3SV8KD29L4SCGHPU1I1RKR2YQ15KZ9,0.452408403
335HHSX8CD5IBQJQ3F9XG733A2SDH0,0.408586025
3Z33IC0JC0MBQ11TWOLZ9CBMRWNV9Q,0.569124401
3VGET1QSZ0ZKR7D571SBHI3U3F27W1,0.457870245
3BVS8WK9Q0VPSOWQV10CLTGI7UVIBR,0.431865096
3D7VY91L65XBO7MHGGY4DMNZO3EBMZ,0.418678045
302U8RURJZ1WF35NXY44RD66WL4NVH,0.479925543
382GHPVPHSRQHMTYVJJ2998NEKG436,0.468674392
3Z8UJEJOCZDRESZACEFTQHJ30CV392,0.462481707
3VIVIU06FKCLBF0NMQQLZ9RCJTYIMF,0.318508029
3J9UN9O9J3SK3CDMF3ONDDZZT5MJ0H,0.552027822
3TZDZ3Y0JS6V4PLVPA1A2O462SG91F,0.453146696
39N6W9XWRDN795J6F5ET8S13DQKYGT,0.506196856
379OL9DBSSESUVWY1Z8JGBFG9DQ9YE,0.54487747
30P8I9JKOILSPEZHTY8IXW6K504V5Z,0.555011034
3DWGDA5POF4T1WYYSB66U6T3TKZV1H,0.509316564
3T6SSHJUZFAZFWAW1BST7GKV2KEIIZ,0.461753637
3XU9MCX6VOC8XAZD2V1AYSE50K12RD,0.542333722
3OZ4VAIBEXF0WDE2I0CCY6PPN1ZVJL,0.51933217
3WKGUBL7SZM7XQJN1PN25V24E67L41,0.440279484
3HXCEECSQMT70MEB5X2ITZH9OHQYZW,0.232418209
306W7JMRYYYW3IKDMFOL84M44Z1B8P,0.288163841
3CMIQF80GNQW3A3ECIODJFLCK4CQ6U,0.226058945
3P7RGTLO6EDBF9HMPQLS3YBPHHAAKC,0.276713043
3XJOUITW8UR258EQ8VW6UPDQ4CNQT5,0.408364087
3VLL1PIENQOV68A9ZATKR8J7A7ROZB,0.384539455
3ODOP6T3ASK1W4XFRJ5XQZ3V87T42A,0.244014233
3AXFSPQOYQYB0GSCIL78GKM3Z8NJFZ,0.236252978
3W31J70BASWZ8OEK94HJ9T1DHKVKCO,0.275555432
3UQVX1UPFSHKXGFE8IIVEWDIRVC02P,0.231397569
32CAVSKPCEPTOH9YNLW1YKRKFE2U15,0.324400276
3GVPRXWRPHU2QCT0IKOWGRUMO5FI7I,0.265890032
3VZYA8PITOYCWDY1Q1KTC3GUB5350V,0.44799912
3Y40HMYLL1I1EIURUEH8TTVLKTGXUZ,0.447469175
3SA4EMRVJV2GPNGKAGT7A9LB2540PC,0.460625976
3DFYDSXB2W00JYP2DA272KN69V2UJ9,0.309274167
3WUVMVA7OB3644G8PRO2QDZ2LQNZAN,0.286805958
31ODACBENUF1Q81BJVRGKKH42T8SQH,0.356707424
36818Z1KV3D5JB9F4KTTMCUN6VO3AU,0.372514307
3PZDSVZ3J5HXLQM8D23HIN6TJ2JN4J,0.417307138
39XCQ6V3KY47AOKGSQ0AL4QLO8P65X,0.380555451
3MXX6RQ9EV5XOBYLTHG9MCBOJHKP4H,0.390526384
33KMQD9OFJE51SC4ZTKZP24DAP477C,0.237584293
3SX4X51T809U5021NIDLAFSY1MKOAA,0.4416354
3UEBBGULPFOKEW36UKBMNMVEGOLUF6,0.44723767
3G57RS03HH5JSN1F5OO7VR9983N52F,0.483705759
3P888QFVX3UMSG9ICEA70F73546QOJ,0.517230332
3SZYX62S5G0QEOYLB052RIQHJJ975X,0.592697859
3DWNFENNE3V120VNY4BPPGPCAIEJ4B,0.367969394
31HLTCK4BLVQ5BO1AUR91TX9VATVGU,0.591493845
3EQPA8A374WH5XJCJX1FJC2LBDGZJ2,0.576806426
3VI0PC2ZAYK61DAUYS5ZUN3W27SXOM,0.406755686
3PR3LXCWSFZ3UQ6OW3MHXX87786X98,0.577500224
39RRBHZ0AU1QWSJ60MFYM0DF60OVZK,0.547556996
3SV8KD29L4SCGHPU1I1RKR2YQ2HKZN,0.558769286
3FBEFUUYRK54GUWXNMRRTF67GMQA67,0.59187007
3GONHBMNHVY765PXMUE7Z4U2F7CMZU,0.587263823
379OL9DBSSESUVWY1Z8JGBFG9E0Y9F,0.592080712
3GKAWYFRAPTAO7HEMSH2PG5UWUDPDU,0.590994537
3E24UO25QZQTIYQYX5W9UAQC53UO6K,0.589180112
3LCXHSGDLT6CT5B6A4WGQ3SQJQLESS,0.591532171
3Z56AA6EK405IV5MKPHW2617A3F6MN,0.581512928
3RTFSSG7T86J6S27BVTL0NLVY0IWLC,0.578957021
3BAKUKE49HC18PHHJR1WT9408FZ1R9,0.581070721
3EHIMLB7F7Z6UVNZM7YHUFP2ZC68H2,0.552357078
37AQKJ12TXOFXO6IPZQ1ZUODOJMTTM,0.574499249
3B286OTISEHG4PB475LG2JBC2SAJAM,0.568576574
3XT3KXP24ZYJMCFVZAJ4ADUQTUV6I7,0.587908089
3SD15I2WD2U4W9XCE7CH67S1ACY364,0.591925085
388CL5C1RJN1927IGW7LZKB8JC5HLX,0.587415099
3XD2A6FGFNUVY9KP2TGUYPRFST59SD,0.582513928
3V7ICJJAZAGVKHXBACY8RS6Z2D64BC,0.585407495
3R15W654VDTEMV6LZMUF8Y39AZ1LQX,0.591811478
3VGET1QSZ0ZKR7D571SBHI3U3H0W7S,0.312726945
3L7SUC0TTUUA4KJ7I01FT5RGX1GM0R,0.278062075
3JTPR5MTZSCE9355UUUBVNV3P4WK55,0.289003968
3MGHRFQY2LPAY18L13PQN0EN6BTY0S,0.22764957
3O2Y2UIUCQU6B0YU067KHZMGEYAFKJ,0.222190857
39O6Z4JLX2X1RXJRZ4RDPFX4Y1CXVD,0.316421896
38RHULDV9YFHGRU1QSW887T3HXBIW9,0.324158311
3X0EMNLXEPPWIOH0DDHWV2B1W24VPO,0.323085129
3T2EL38U0MK9MPNAD5X3JSYWH9XXQJ,0.327313095
3RSBJ6YZECQP1RJ9YYZDOG3PY3KOFC,0.325249583
3Q2T3FD0ON86LCI41NJYV3PN0D0M3M,0.431896925
37VHPF5VYC3FDNCJ0FKGJOSMMLO8CI,0.323907852
32ZCLEW0BZKNRTH6WO3DSE071FXJPR,0.398448765
302U8RURJZ1WF35NXY44RD66WN3VNS,0.347188413
38Z7YZ2SB32CWUYFEJX2GIBHTWUIQ5,0.338397235
33P2GD6NRNSQPWP0VWVKKKYTUDNKHM,0.336895078
3MA5N0ATTCB8MMKPQVHKLN8G910WKY,0.419850796
3MD8CKRQZZN836XL9G72X90M2XLJRJ,0.416076124
37PGLWGSJT6QLR0K1ED5KWZ8UQ2IKD,0.401603073
33J5JKFMK6YX6RGWTGQFCC9SAEXQ3D,0.446509987
36GJS3V78VQHEGO7T5DQY5MF0OAGJK,0.518955886
34R0BODSP1ZBN3DVY8J8XSIY570E5F,0.503934085
3EKTG13IZU3N1G8T7TNYRPJ40ZRLMZ,0.479041129
3909MD9T2ZH3P06K4KWHJ49BU1EEFY,0.499865681
338GLSUI43B4ZJB25FGM8LDQVSNFS0,0.497611433
302U8RURJZ1WF35NXY44RD66WN3NVK,0.321588099
3UUIU9GZC55DCMVSO383WEIZ8J5T56,0.398308992
3MZ3TAMYTLNC8VDFRYM2L8LMPIWRIF,0.391090363
37Y5RYYI0P5LZ52N59M8ESDXZXJSX4,0.447085977
3M67TQBQQHORYDYVLTU3DPX96OLA97,0.340952903
3BO3NEOQM0HK9ERYPN0GQIWCPE8IAY,0.371328771
3BFNCI9LYKQN09BHXHH9CLSX5O537S,0.506372869
3INZSNUD80QPWK1753L53Q5FRRID9C,0.354095966
3FVBZG9CLJEOC6IWR3L210JKGFH0HW,0.372646749
3JYPJ2TAYI87MRVADYCSDG8F88GFPK,0.345199406
375VMB7D4JJI7LUA9XRIGJ4IAH5ID0,0.321580559
3VDVA3ILIDFAJZ833G7KU5QT67AG1G,0.395606041
3EKZL9T8Y8M86YDC3JEMW1LLP4EHC6,0.395001978
35ZRNT9RUIYULF3GE3YBN7ESVDF3OI,0.420359552
34KYK9TV2R8EM2ZM0DUQPVM5GUVBSE,0.41116783
3NSCTNUR2ZN8XQWJI3HM19S7KS2A5G,0.458427399
33CLA8O0MIBSY4BPQQGHIB8U9Q4FRC,0.398249418
3MYASTQBG7BVOJITM5WRPLV41RMDQY,0.415607721
3HUR21WDDUPIVREW4FEXWE1YGIEXYM,0.403762281
3KL228NDMVMCP0UPBQD2ZKMSFDAKGN,0.462142855
3WA2XVDZEMH767D93RTDPYWY12B6EN,0.466759324
31GN6YMHLPS6A5XXV4QMC9ZQQVDSWB,0.427009046
3WGCNLZJKF877FYC1Q6COKNWTFV1DS,0.423359096
3ZUE82NE0A1MGZWTRHAHRUDPJYG8FT,0.458005846
3MJ9GGZYO36GYTDW0KFO32PV0IBA2F,0.360799581
3H1C3QRA01JWMOMADI6GBYO8XOMECN,0.521552086
3EGKVCRQFWSBIOBVZJMF7HA6XFRBYS,0.509363472
3P6ENY9P79WZJ1ZCVTA874JG29YIH9,0.495088667
3OND0WXMHWFN3WXQZAKHMPLOAGRHEZ,0.510048866
3D7VY91L65XBO7MHGGY4DMNZO5DBM2,0.453751475
3TC2K6WK9G22F5KH3MVA7BJ0AUB829,0.364803761
37OPIVELUU3KDJGEJ5IVQ6VXP1THA4,0.460280985
3EN4YVUOUCSS02JXIFDUMRMA3E5XJS,0.376131982
3E9ZFLPWOYSW5RZR0XSUAQ7AQZGXIG,0.306069344
36FQTHX3Z3RA2LE7AYTPHNETOEWB3M,0.333134413
3THR0FZ95PTB1JT5K92BJT89VZ6OLH,0.464221716
322ZSN9Z5GKVG3RSAYPTRMCL8LST4F,0.351109833
3CMV9YRYP31X08284WA6BXRNW5WLJV,0.47675845
3E24UO25QZQTIYQYX5W9UAQC54HO69,0.570641398
3CMIQF80GNQW3A3ECIODJFLCK5ZQ6J,0.570338428
